[
  {
    "councilNumber": "1",
    "councilName": "San Diego",
    "meetingLocation": "United Portuguese Hall",
    "address": "2818 Avenida de Portugal",
    "city": "San Diego",
    "state": "CA",
    "zipCode": "",
    "meetingSchedule": "Third Tuesday at 7:00 pm (For dates please call Secretary)",
    "meetingNote": "Meets every other month",
    "secretary": {
      "name": "Alicia Beckmire",
      "phone": "510-566-5264",
      "email": "alicia.beckmire@gmail.com"
    }
  },
  {
    "councilNumber": "2",
    "councilName": "Bakersfield",
    "meetingLocation": "Carrow's Restaurant",
    "address": "1300 Easton Drive",
    "city": "Bakersfield",
    "state": "CA",
    "zipCode": "",
    "meetingSchedule": "Third Thursday at 6:00 pm",
    "meetingNote": "Meets every other month (start. Feb)",
    "secretary": {
      "name": "Caron C. Dias",
      "phone": "661-201-8140",
      "email": "carondias007@gmail.com"
    }
  },
  {
    "councilNumber": "3",
    "councilName": "Eureka",
    "meetingLocation": "Bear River Hotel Restaurant",
    "address": "",
    "city": "Loleta",
    "state": "CA",
    "zipCode": "",
    "meetingSchedule": "First Sunday at 2:00 pm",
    "meetingNote": "Meets every other month",
    "secretary": {
      "name": "Linda Mateus",
      "phone": "707-839-1491",
      "email": "lmateus2001@yahoo.com"
    }
  },
  {
    "councilNumber": "4",
    "councilName": "Arcata",
    "meetingLocation": "Arcata Portuguese Hall",
    "address": "1285 11th Street",
    "city": "Arcata",
    "state": "CA",
    "zipCode": "",
    "meetingSchedule": "Third Sunday at 1:00 pm",
    "meetingNote": "Meets every other month",
    "secretary": {
      "name": "Gloria Homem",
      "phone": "707-822-2747",
      "email": "ghomem@madriverhospital.com"
    }
  },
  {
    "councilNumber": "5/36",
    "councilName": "Hayward",
    "meetingLocation": "Council No.5/36 of Hayward Hall",
    "address": "1105 C Street",
    "city": "Hayward",
    "state": "CA",
    "zipCode": "94541",
    "meetingSchedule": "First Thursday at 7:00 pm",
    "meetingNote": "Meets every other month",
    "secretary": {
      "name": "Jose M. Menezes",
      "phone": "510-406-2479",
      "email": ""
    }
  },
  {
    "councilNumber": "6",
    "councilName": "San Francisco",
    "meetingLocation": "Secretary's Home",
    "address": "2262 36th Avenue",
    "city": "San Francisco",
    "state": "CA",
    "zipCode": "",
    "meetingSchedule": "Second Wednesday at 2:00 pm",
    "meetingNote": "Meets monthly",
    "secretary": {
      "name": "Vilma Soares",
      "phone": "415-731-3002",
      "email": "vilmajoe@sbcglobal.net"
    }
  },
  {
    "councilNumber": "7",
    "councilName": "Gustine/Newman",
    "meetingLocation": "Our Lady of Miracles Parish Center 1",
    "address": "407 Laurel Avenue",
    "city": "Gustine",
    "state": "CA",
    "zipCode": "",
    "meetingSchedule": "First Wednesday at 6:30 pm",
    "meetingNote": "Meets monthly",
    "secretary": {
      "name": "Nancy Petersen",
      "phone": "209-854-6604",
      "email": "nappete@icloud.com"
    }
  },
  {
    "councilNumber": "8",
    "councilName": "Santa Maria",
    "meetingLocation": "DES Hall",
    "address": "615 W. Chapel",
    "city": "Santa Maria",
    "state": "CA",
    "zipCode": "93454",
    "meetingSchedule": "Third Thursday at 7:00 pm",
    "meetingNote": "Meets monthly",
    "secretary": {
      "name": "Odette Pinheiro",
      "phone": "805-922-3538",
      "email": "opinheiro65@gmail.com"
    }
  },
  {
    "councilNumber": "9",
    "councilName": "San Rafael",
    "meetingLocation": "I.D.E.S.I. Hall",
    "address": "901 Sweetser Ave",
    "city": "Novato",
    "state": "CA",
    "zipCode": "",
    "meetingSchedule": "First Wednesday at 7:00 pm",
    "meetingNote": "Meets Feb, May, June, July, Sept and Nov.",
    "secretary": {
      "name": "Emeli Dolar",
      "phone": "415-892-1134",
      "email": "mello6465@yahoo.com"
    }
  },
  {
    "councilNumber": "10",
    "councilName": "Selma",
    "meetingLocation": "For meeting locations please contact secretary",
    "address": "",
    "city": "",
    "state": "",
    "zipCode": "",
    "meetingSchedule": "Third Wednesday at 4:00 pm",
    "meetingNote": "Meets every other month",
    "secretary": {
      "name": "Gloria Mendes",
      "phone": "559-897-7611",
      "email": "agmendes@sbcglobal.net"
    }
  },
  {
    "councilNumber": "11",
    "councilName": "Turlock",
    "meetingLocation": "Turlock Pentecost Hall",
    "address": "538 Golden State Blvd.",
    "city": "Turlock",
    "state": "CA",
    "zipCode": "",
    "meetingSchedule": "Second Tuesday at 7:00 pm",
    "meetingNote": "Meets monthly",
    "secretary": {
      "name": "Manuel Sanches",
      "phone": "209-577-2182 C 209-531-8568",
      "email": ""
    }
  },
  {
    "councilNumber": "12",
    "councilName": "Oakland",
    "meetingLocation": "Ashland Hall",
    "address": "16490 Kent Avenue",
    "city": "San Lorenzo",
    "state": "CA",
    "zipCode": "",
    "meetingSchedule": "First Friday at 11:30 am",
    "meetingNote": "Meets monthly",
    "secretary": {
      "name": "Ruben Leandro",
      "phone": "510-387-4656",
      "email": "rubenleandro97@gmail.com"
    }
  },
  {
    "councilNumber": "13",
    "councilName": "Tracy",
    "meetingLocation": "Perko's Restaurant",
    "address": "1321 W. 11th Street",
    "city": "Tracy",
    "state": "CA",
    "zipCode": "",
    "meetingSchedule": "Third Wednesday at 7:00 pm",
    "meetingNote": "Meets every third month. Members pay for their own dinner",
    "secretary": {
      "name": "Bernardine Silva",
      "phone": "209-835-4341",
      "email": "snscows@yahoo.com"
    }
  },
  {
    "councilNumber": "14",
    "councilName": "Mountain View",
    "meetingLocation": "Secretary's Home",
    "address": "981 San Marcos Circle",
    "city": "Mountain View",
    "state": "CA",
    "zipCode": "",
    "meetingSchedule": "Second Wednesday at 6:30 pm",
    "meetingNote": "Meets monthly",
    "secretary": {
      "name": "Ron V. Graham",
      "phone": "650-967-5413",
      "email": "ronvgraham@comcast.net"
    }
  },
  {
    "councilNumber": "15",
    "councilName": "Hanford",
    "meetingLocation": "Immaculate Heart of Mary Church Hall",
    "address": "10355 Armona Road",
    "city": "Hanford",
    "state": "CA",
    "zipCode": "",
    "meetingSchedule": "Second Wednesday at 5:30 pm",
    "meetingNote": "Meets Feb. Mar. June. Sept. Nov Dec",
    "secretary": {
      "name": "Teresa Evangelo",
      "phone": "559-583-1068",
      "email": "evangelo@hughes.net"
    }
  },
  {
    "councilNumber": "16",
    "councilName": "Newark",
    "meetingLocation": "P.F.S.A. Council No.16 Hall",
    "address": "6430 Thornton Avenue",
    "city": "Newark",
    "state": "CA",
    "zipCode": "94560",
    "meetingSchedule": "Third Monday at 7:00 pm",
    "meetingNote": "Meets monthly",
    "secretary": {
      "name": "Christina Silva",
      "phone": "510-651-9812",
      "email": "csilva648@comcast.net"
    }
  },
  {
    "councilNumber": "17",
    "councilName": "Fremont",
    "meetingLocation": "3057 Greenwood Drive, Fremont, CA 38130",
    "address": "Fremont Blvd, (home)",
    "city": "Fremont",
    "state": "CA",
    "zipCode": "",
    "meetingSchedule": "Third Tuesday at 1:00 pm",
    "meetingNote": "Meets monthly (except July)",
    "secretary": {
      "name": "Maria P. Medina",
      "phone": "510-793-2969",
      "email": ""
    }
  },
  {
    "councilNumber": "18",
    "councilName": "Stockton",
    "meetingLocation": "Stockton Ballroom",
    "address": "9650 Thornton Road",
    "city": "Stockton",
    "state": "CA",
    "zipCode": "",
    "meetingSchedule": "Second Tuesday at 7:00 pm",
    "meetingNote": "Meets monthly (except Jan & Aug)",
    "secretary": {
      "name": "Gerry Trigueiro",
      "phone": "209-952-9012",
      "email": "GTrigueiro@ovcb.com gtrigueiro@sbcglobal.net"
    }
  },
  {
    "councilNumber": "19",
    "councilName": "Chino/Ontario",
    "meetingLocation": "Residence of J. Batista",
    "address": "4400 Philadelphia, #107",
    "city": "Chino",
    "state": "CA",
    "zipCode": "91710",
    "meetingSchedule": "Second Monday at 6:30 pm",
    "meetingNote": "Meets monthly",
    "secretary": {
      "name": "Lucie Batista",
      "phone": "909-435-9864",
      "email": "sytlingmomof6@yahoo.com"
    }
  },
  {
    "councilNumber": "20",
    "councilName": "Merced",
    "meetingLocation": "Buhach Hall",
    "address": "2889 N. Buhach Road",
    "city": "Atwater",
    "state": "CA",
    "zipCode": "",
    "meetingSchedule": "Third Monday at 6:30 pm",
    "meetingNote": "Meets monthly",
    "secretary": {
      "name": "Norma Jean De Sousa",
      "phone": "209-358-6175",
      "email": "ndesousa61@earthlink.net"
    }
  },
  {
    "councilNumber": "21",
    "councilName": "Los Banos",
    "meetingLocation": "DES Hall",
    "address": "1155 I Street",
    "city": "Los Banos",
    "state": "CA",
    "zipCode": "",
    "meetingSchedule": "Third Monday at 7:00 pm",
    "meetingNote": "Meets every other month",
    "secretary": {
      "name": "Linda Silva",
      "phone": "209-826-9461",
      "email": "moocrzylinda@hotmail.com; pfsa21@outlook.com"
    }
  },
  {
    "councilNumber": "21",
    "councilName": "Los Banos (Youth)",
    "meetingLocation": "DES Hall",
    "address": "1155 I Street",
    "city": "Los Banos",
    "state": "CA",
    "zipCode": "",
    "meetingSchedule": "Tuesday at 2:00 pm",
    "meetingNote": "Meets Mar., June, Sept and Dec. For date and time contact Youth Council Secretary",
    "secretary": {
      "name": "Toni Silva",
      "phone": "209-826-9461",
      "email": "moocrzytony@hotmail.com"
    }
  },
  {
    "councilNumber": "23",
    "councilName": "Antioch",
    "meetingLocation": "111 W 10th St.",
    "address": "111 W 10th St.",
    "city": "Antioch",
    "state": "CA",
    "zipCode": "94509",
    "meetingSchedule": "2nd Friday at 7 P.M.",
    "meetingNote": "Meets each month",
    "secretary": {
      "name": "Mary Jo Keister",
      "phone": "925-754-2407",
      "email": "corvogirl@yahoo.com"
    }
  },
  {
    "councilNumber": "24",
    "councilName": "San Leandro",
    "meetingLocation": "P.F.S.A. Council No.24 Lecture Hall",
    "address": "1120 East 14th Street",
    "city": "San Leandro",
    "state": "CA",
    "zipCode": "",
    "meetingSchedule": "Third Wednesday at 7:00 pm",
    "meetingNote": "Meets monthly",
    "secretary": {
      "name": "Carol Cromwell",
      "phone": "510-814-0697",
      "email": "carolcatwillows@aol.com"
    }
  },
  {
    "councilNumber": "26",
    "councilName": "Stevinson/Turlock/Hilmar",
    "meetingLocation": "Holy Rosary Parish Hall",
    "address": "8471 Cypress Street",
    "city": "Hilmar",
    "state": "CA",
    "zipCode": "",
    "meetingSchedule": "Second Tuesday - Potluck Dinner at 6:30 pm followed by meeting",
    "meetingNote": "Meets monthly",
    "secretary": {
      "name": "Richard J. Castro",
      "phone": "209-605-4548",
      "email": "richiejc@comcast.net"
    }
  },
  {
    "councilNumber": "27",
    "councilName": "Santa Clara",
    "meetingLocation": "Carrows Restaurant",
    "address": "3180 El Camino Real",
    "city": "Santa Clara",
    "state": "CA",
    "zipCode": "",
    "meetingSchedule": "Third Tuesday at 6:30 pm",
    "meetingNote": "Meets every other month",
    "secretary": {
      "name": "Helen Vieira",
      "phone": "510-483-7676",
      "email": "helen-v@pacbell.net"
    }
  },
  {
    "councilNumber": "28",
    "councilName": "Fresno",
    "meetingLocation": "Brooks Ranch Restaurant",
    "address": "Chesnut and Hwy 99",
    "city": "Fresno",
    "state": "CA",
    "zipCode": "",
    "meetingSchedule": "Second Wednesday at 6:00 pm",
    "meetingNote": "Meets monthly",
    "secretary": {
      "name": "Dorothy Castro",
      "phone": "559-270-2691",
      "email": "dorthycasto10@yahoo.com"
    }
  },
  {
    "councilNumber": "29",
    "councilName": "Watsonville",
    "meetingLocation": "Round Table Pizza",
    "address": "",
    "city": "Watsonville",
    "state": "CA",
    "zipCode": "",
    "meetingSchedule": "Fourth Tuesday at 7:00 pm",
    "meetingNote": "Meets every other month",
    "secretary": {
      "name": "Maria F. Sousa",
      "phone": "831-722-8806",
      "email": ""
    }
  },
  {
    "councilNumber": "30",
    "councilName": "Monterey",
    "meetingLocation": "Black Bear Dinner",
    "address": "2450 N. Fremont Street",
    "city": "Monterey",
    "state": "CA",
    "zipCode": "",
    "meetingSchedule": "11:30",
    "meetingNote": "Meets every 2 months on Wed.",
    "secretary": {
      "name": "Dorothy Blakeman",
      "phone": "831-596-7820",
      "email": ""
    }
  },
  {
    "councilNumber": "31",
    "councilName": "El Nido",
    "meetingLocation": "S.F.A. Portuguese Hall",
    "address": "800 South Third Street",
    "city": "Chowchilla",
    "state": "CA",
    "zipCode": "93610",
    "meetingSchedule": "Second Thursday at 7:00 pm",
    "meetingNote": "Meets quarterly. *sometimes meeting is held at the Secetary's Home",
    "secretary": {
      "name": "Emily Mendonca",
      "phone": "209-383-4192",
      "email": "emfeb555@yahoo.com"
    }
  },
  {
    "councilNumber": "34",
    "councilName": "Clarksburg",
    "meetingLocation": "Council No.34 Hall",
    "address": "54113 South River Road",
    "city": "Clarksburg",
    "state": "CA",
    "zipCode": "",
    "meetingSchedule": "Third Saturday at 10:00 am",
    "meetingNote": "Meets every month",
    "secretary": {
      "name": "Susan V. Colbert",
      "phone": "916-373-9942",
      "email": "colbert.s@sbcglobal.net"
    }
  },
  {
    "councilNumber": "35",
    "councilName": "Half Moon Bay",
    "meetingLocation": "Council President's House",
    "address": "535 Poplar Street",
    "city": "Half Moon Bay",
    "state": "CA",
    "zipCode": "",
    "meetingSchedule": "Second Thursday at 7:30 pm",
    "meetingNote": "Meets other month",
    "secretary": {
      "name": "Carolina Vargas",
      "phone": "650-726-9255",
      "email": "azoresjoe@yahoo.com"
    }
  },
  {
    "councilNumber": "38",
    "councilName": "Modesto",
    "meetingLocation": "Perko's Cafe",
    "address": "901 N. Carpenter Road",
    "city": "Modesto",
    "state": "CA",
    "zipCode": "",
    "meetingSchedule": "on the 3rd Monday at 6:30 pm",
    "meetingNote": "Meets monthly",
    "secretary": {
      "name": "Jonine Barreiro",
      "phone": "209-556-7185",
      "email": "jcbarreiro1@yahoo.com"
    }
  },
  {
    "councilNumber": "41",
    "councilName": "Mission San Jose",
    "meetingLocation": "St. Joseph Church",
    "address": "Mission Blvd.",
    "city": "Fremont",
    "state": "CA",
    "zipCode": "",
    "meetingSchedule": "First Monday at 7:00 pm",
    "meetingNote": "Meets every other month starting Feb.",
    "secretary": {
      "name": "Gloria Nowick",
      "phone": "510-656-0512",
      "email": "eortuguesa@yahoo.com gnowi76635@aol.com, gnowicki@micron.com"
    }
  },
  {
    "councilNumber": "44",
    "councilName": "San Jose",
    "meetingLocation": "P.O.S.S.O.",
    "address": "1115 E.Santa Clara Street",
    "city": "San Jose",
    "state": "CA",
    "zipCode": "",
    "meetingSchedule": "1st Wednesday at 7:30 pm",
    "meetingNote": "Meets monthly",
    "secretary": {
      "name": "Arlene Avila",
      "phone": "408-263-0935",
      "email": ""
    }
  },
  {
    "councilNumber": "46",
    "councilName": "Tulare",
    "meetingLocation": "Camara's Auto Service",
    "address": "440 South KStreet",
    "city": "Tulare",
    "state": "CA",
    "zipCode": "",
    "meetingSchedule": "Third Wednesday at 5:30 pm",
    "meetingNote": "Meets monthly. No meetings in July and August",
    "secretary": {
      "name": "Margie Lopes",
      "phone": "559-897-2518",
      "email": ""
    }
  },
  {
    "councilNumber": "51",
    "councilName": "Sacramento",
    "meetingLocation": "Waffle Square",
    "address": "10th and S Streets",
    "city": "Sacramento",
    "state": "CA",
    "zipCode": "",
    "meetingSchedule": "First Saturday at 10:00 am",
    "meetingNote": "Meets monthly",
    "secretary": {
      "name": "Teri Ostergard",
      "phone": "916-686-5114",
      "email": "tmopro@frontiernet.net"
    }
  },
  {
    "councilNumber": "53",
    "councilName": "Hughson",
    "meetingLocation": "Alfonso's Restaurant",
    "address": "2375 Lawrence",
    "city": "Ceres",
    "state": "CA",
    "zipCode": "",
    "meetingSchedule": "First Monday at 6:00 pm",
    "meetingNote": "Meets Jan, March, May,Jul, Sept & Nov",
    "secretary": {
      "name": "Louise Vargas",
      "phone": "209-404-1454",
      "email": "edlouisevargas@icloud.com"
    }
  },
  {
    "councilNumber": "54",
    "councilName": "Benicia/Vallejo",
    "meetingLocation": "Club House@ Lindo Street",
    "address": "",
    "city": "Benicia",
    "state": "CA",
    "zipCode": "94510",
    "meetingSchedule": "Fourth Week at 10:30 am",
    "meetingNote": "Meets monthly on the Saturday of",
    "secretary": {
      "name": "Elizabeth Precour",
      "phone": "707-642-3775",
      "email": "bprec@att.net"
    }
  },
  {
    "councilNumber": "57",
    "councilName": "Newcastle",
    "meetingLocation": "",
    "address": "",
    "city": "",
    "state": "",
    "zipCode": "",
    "meetingSchedule": "",
    "meetingNote": "",
    "secretary": {
      "name": "Maria Laura Faria",
      "phone": "916-663-2212",
      "email": ""
    }
  },
  {
    "councilNumber": "60",
    "councilName": "Concord",
    "meetingLocation": "Please call Council Secretary for meeting location",
    "address": "",
    "city": "",
    "state": "",
    "zipCode": "",
    "meetingSchedule": "Fourth Monday at 12:00 pm",
    "meetingNote": "Meets every other month starting Jan.",
    "secretary": {
      "name": "Sharon Ouimet",
      "phone": "925-685-1361",
      "email": "jsouimet@astound.net"
    }
  },
  {
    "councilNumber": "65",
    "councilName": "Hardwick",
    "meetingLocation": "Treasurer's House",
    "address": "819 E. Bush Street",
    "city": "Lemoore",
    "state": "CA",
    "zipCode": "93245",
    "meetingSchedule": "Second day of the week at 6:00 pm",
    "meetingNote": "Meets monthly",
    "secretary": {
      "name": "Eldora Trigueiro",
      "phone": "559-584-7857",
      "email": ""
    }
  },
  {
    "councilNumber": "66",
    "councilName": "Visalia",
    "meetingLocation": "Ryans Restaurant",
    "address": "3103 S. Mooney Blvd.",
    "city": "Visalia",
    "state": "CA",
    "zipCode": "",
    "meetingSchedule": "First Wednesday at 1:00 pm",
    "meetingNote": "Meets monthly",
    "secretary": {
      "name": "Anthony Mendes",
      "phone": "559-897-7611",
      "email": "agmendes@sbcglobal.net"
    }
  },
  {
    "councilNumber": "68",
    "councilName": "Dos Palos",
    "meetingLocation": "For date and time contact secretary",
    "address": "",
    "city": "",
    "state": "",
    "zipCode": "",
    "meetingSchedule": "Tuesday at 2:00 pm",
    "meetingNote": "Meets every odd month starting in Jan Meeting at Bob and Maria Bertao House",
    "secretary": {
      "name": "Maria Bertao",
      "phone": "209-392-3375",
      "email": "mbertao@gmail.com"
    }
  },
  {
    "councilNumber": "69",
    "councilName": "Manteca",
    "meetingLocation": "M.R.P.S. Hall",
    "address": "133 N. Grant Street",
    "city": "Manteca",
    "state": "CA",
    "zipCode": "",
    "meetingSchedule": "Fourth Monday at 7:00 pm",
    "meetingNote": "Meets monthly",
    "secretary": {
      "name": "Elsie Murphy",
      "phone": "209-825-6046",
      "email": "elsiemurphy1801@comcast.net"
    }
  },
  {
    "councilNumber": "75",
    "councilName": "Ryde",
    "meetingLocation": "For location contact secretary",
    "address": "n/a",
    "city": "n/a",
    "state": "",
    "zipCode": "",
    "meetingSchedule": "Second Sunday at 1:00 p.m.",
    "meetingNote": "Meets every other month",
    "secretary": {
      "name": "David Charamuga",
      "phone": "925-383-4154",
      "email": "dave@charamuga.com"
    }
  },
  {
    "councilNumber": "76",
    "councilName": "Artesia",
    "meetingLocation": "Artesia DES Hall",
    "address": "11903 Ashworth Street",
    "city": "Artesia",
    "state": "CA",
    "zipCode": "",
    "meetingSchedule": "Third Wednesday at 7:00 pm",
    "meetingNote": "Meets every other month start.in Jan",
    "secretary": {
      "name": "Natalie Sousa",
      "phone": "562-924-3085",
      "email": "nataliesousa@verizon.net"
    }
  },
  {
    "councilNumber": "77",
    "councilName": "Santa Cruz",
    "meetingLocation": "Aptos Grange Hall",
    "address": "2555 Mar Vista Drive",
    "city": "Aptos",
    "state": "CA",
    "zipCode": "",
    "meetingSchedule": "First Tuesday at 6:30 pm",
    "meetingNote": "Meets every even month",
    "secretary": {
      "name": "Barbara Geiger",
      "phone": "831-722-5151",
      "email": "barbaraleegeiger@aol.com"
    }
  },
  {
    "councilNumber": "84",
    "councilName": "San Luis Obispo",
    "meetingLocation": "IHop Restaurant",
    "address": "212 Madonna Road",
    "city": "San Luis Obispo",
    "state": "CA",
    "zipCode": "",
    "meetingSchedule": "Third Wednesday at 7:00 pm",
    "meetingNote": "Meets every other month start.inJan.",
    "secretary": {
      "name": "Maria Graham",
      "phone": "650-967-5413",
      "email": "ronvgraham@comcast.net"
    }
  },
  {
    "councilNumber": "89",
    "councilName": "Hollister",
    "meetingLocation": "Secretary's Home",
    "address": "355 South Street",
    "city": "Hollister",
    "state": "CA",
    "zipCode": "95023",
    "meetingSchedule": "Second Tuesday at 5:00 pm",
    "meetingNote": "Meets every even month",
    "secretary": {
      "name": "Gordan A. Machado",
      "phone": "831-637-7285 or 637-5051",
      "email": "gordon@rusticturtle.com"
    }
  },
  {
    "councilNumber": "90",
    "councilName": "Salinas",
    "meetingLocation": "Meets at 19595 Penzance St.",
    "address": "19595 Penzance St.",
    "city": "Salinas",
    "state": "CA",
    "zipCode": "",
    "meetingSchedule": "First Saturday at 10:00 am",
    "meetingNote": "Meets every other month",
    "secretary": {
      "name": "Marie Rosa",
      "phone": "831-449-0614",
      "email": "darosahouse@yahoo.com"
    }
  },
  {
    "councilNumber": "98",
    "councilName": "Ferndale",
    "meetingLocation": "Ferndale Meat Company",
    "address": "Main Street",
    "city": "Ferndale",
    "state": "CA",
    "zipCode": "",
    "meetingSchedule": "For date and time contact secretary",
    "meetingNote": "Meets quarterly, starting No.12",
    "secretary": {
      "name": "Silvia M. Leonardo",
      "phone": "707-786-9717",
      "email": ""
    }
  },
  {
    "councilNumber": "99",
    "councilName": "Lompoc",
    "meetingLocation": "La Purisima Parish Hall",
    "address": "321 South I Street",
    "city": "Lompoc",
    "state": "CA",
    "zipCode": "",
    "meetingSchedule": "Third Tuesday at 6:15 pm",
    "meetingNote": "Meets monthly",
    "secretary": {
      "name": "Dorothy Avila",
      "phone": "805-736-2787",
      "email": "avilad37@yahoo.com"
    }
  },
  {
    "councilNumber": "103",
    "councilName": "Tipton",
    "meetingLocation": "",
    "address": "",
    "city": "",
    "state": "",
    "zipCode": "",
    "meetingSchedule": "",
    "meetingNote": "",
    "secretary": {
      "name": "Laura A. Faria",
      "phone": "559-688-0321",
      "email": ""
    }
  },
  {
    "councilNumber": "104",
    "councilName": "Yerington, NV",
    "meetingLocation": "Mason Town Hall",
    "address": "55 Bridge Street",
    "city": "Mason",
    "state": "NV",
    "zipCode": "",
    "meetingSchedule": "Fourth Sunday at 12:00 pm",
    "meetingNote": "Meets monthly",
    "secretary": {
      "name": "Lydia Wentz",
      "phone": "775-267-5166",
      "email": "lydiaborgeswentz@gmail.com"
    }
  },
  {
    "councilNumber": "106",
    "councilName": "Riverdale",
    "meetingLocation": "Riverdale Veteran's Memorial Hall",
    "address": "3085 W. Mt. Whitney Avenue",
    "city": "Riverdale",
    "state": "CA",
    "zipCode": "",
    "meetingSchedule": "Third Wednesday at 6:30 pm",
    "meetingNote": "Meets monthly (except July & Aug.)",
    "secretary": {
      "name": "Regina Arieas",
      "phone": "559-867-4135",
      "email": "rdarma@att.net"
    }
  },
  {
    "councilNumber": "108",
    "councilName": "Madera",
    "meetingLocation": "For meeting location contact Council Secretary",
    "address": "",
    "city": "",
    "state": "",
    "zipCode": "",
    "meetingSchedule": "Third Friday at 6:30 p.m.",
    "meetingNote": "Meets every other month",
    "secretary": {
      "name": "Maria Hinkle",
      "phone": "559-977-4873",
      "email": "mariahinkle25@gmail.com"
    }
  },
  {
    "councilNumber": "109",
    "councilName": "Traver",
    "meetingLocation": "Traver Elementary School Cafeteria",
    "address": "Canal Drive",
    "city": "Traver",
    "state": "CA",
    "zipCode": "",
    "meetingSchedule": "Fourth Thursday at 5:00 pm",
    "meetingNote": "Meets every other month",
    "secretary": {
      "name": "Barbara Watkins",
      "phone": "559-897-2640",
      "email": ""
    }
  },
  {
    "councilNumber": "110",
    "councilName": "Kerman",
    "meetingLocation": "SBF Portuguese Hall C St., Kerman",
    "address": "",
    "city": "Kerman",
    "state": "CA",
    "zipCode": "",
    "meetingSchedule": "1st Sunday at 1:00 pm",
    "meetingNote": "Meets Feb. Mar. Apr.Sept.Oct.Dec. For additional information please contact Secretary",
    "secretary": {
      "name": "Marie L. Fritzler",
      "phone": "559-842-7340",
      "email": "marfritz68@aol.com"
    }
  },
  {
    "councilNumber": "113",
    "councilName": "Bayliss",
    "meetingLocation": "Frank & Eva Leonardo's Home",
    "address": "7875 County Road 40 in Glenn",
    "city": "",
    "state": "",
    "zipCode": "",
    "meetingSchedule": "at 7:00 pm",
    "meetingNote": "For additional information please contact secretary",
    "secretary": {
      "name": "Edwina Leonardo",
      "phone": "530-934-8369",
      "email": "Edwina_Leonardo@fws.gov"
    }
  },
  {
    "councilNumber": "115",
    "councilName": "Rodeo",
    "meetingLocation": "Member's Homes",
    "address": "",
    "city": "",
    "state": "",
    "zipCode": "",
    "meetingSchedule": "Second Wedneday of the month",
    "meetingNote": "",
    "secretary": {
      "name": "Louis Mandrigues Jr.",
      "phone": "510-724-2478",
      "email": ""
    }
  },
  {
    "councilNumber": "118",
    "councilName": "Elk Grove",
    "meetingLocation": "P.F.S.A. Council No.118 Hall",
    "address": "10428 E. Stockton Blvd.",
    "city": "Elk Grove",
    "state": "CA",
    "zipCode": "95624",
    "meetingSchedule": "First Tuesday at 7:30 pm",
    "meetingNote": "Meets monthly",
    "secretary": {
      "name": "Antoinette F. Duarte",
      "phone": "916-684-2234",
      "email": "taduarte@aol.com"
    }
  },
  {
    "councilNumber": "128",
    "councilName": "Oxnard",
    "meetingLocation": "Local Restaurants",
    "address": "For meeting location please contact secretary",
    "city": "",
    "state": "",
    "zipCode": "",
    "meetingSchedule": "Fourth Thursday at 11:30 am",
    "meetingNote": "Meets monthly",
    "secretary": {
      "name": "Maria S. Corella (Cora)",
      "phone": "805-483-6285",
      "email": ""
    }
  },
  {
    "councilNumber": "132",
    "councilName": "Maxwell",
    "meetingLocation": "Secretary's home",
    "address": "4149 Old Highway 99 W",
    "city": "Maxwell",
    "state": "",
    "zipCode": "",
    "meetingSchedule": "Third Sunday at 1:00 pm",
    "meetingNote": "Meets evey other month",
    "secretary": {
      "name": "Mary Airozo Machado",
      "phone": "530-438-2856",
      "email": ""
    }
  },
  {
    "councilNumber": "138",
    "councilName": "Stratford",
    "meetingLocation": "Stratford Portuguese Hall",
    "address": "Empire Street",
    "city": "Stratford",
    "state": "CA",
    "zipCode": "",
    "meetingSchedule": "First Monday at 6:30 pm",
    "meetingNote": "Meets monthly",
    "secretary": {
      "name": "Grace Nunes",
      "phone": "559-583-7071 , 559-212-7845",
      "email": "gracemnunes@gmail.com"
    }
  },
  {
    "councilNumber": "139",
    "councilName": "Lincoln",
    "meetingLocation": "",
    "address": "",
    "city": "",
    "state": "",
    "zipCode": "",
    "meetingSchedule": "",
    "meetingNote": "",
    "secretary": {
      "name": "Manuel Garcia",
      "phone": "916-645-8024",
      "email": ""
    }
  },
  {
    "councilNumber": "140",
    "councilName": "Cayucos",
    "meetingLocation": "Cayucos Veterans Memorial Hall",
    "address": "10 Cayucos Drive",
    "city": "Cayucos",
    "state": "CA",
    "zipCode": "",
    "meetingSchedule": "Fourth Sunday at 10:30 am",
    "meetingNote": "Jan.; Feb; April; June; Aug; Oct.",
    "secretary": {
      "name": "",
      "phone": "",
      "email": ""
    }
  },
  {
    "councilNumber": "154",
    "councilName": "Massachussets",
    "meetingLocation": "",
    "address": "",
    "city": "",
    "state": "MA",
    "zipCode": "",
    "meetingSchedule": "",
    "meetingNote": "",
    "secretary": {
      "name": "",
      "phone": "",
      "email": ""
    }
  },
  {
    "councilNumber": "155",
    "councilName": "Rhode Island",
    "meetingLocation": "",
    "address": "",
    "city": "",
    "state": "RI",
    "zipCode": "",
    "meetingSchedule": "",
    "meetingNote": "",
    "secretary": {
      "name": "",
      "phone": "",
      "email": ""
    }
  }
]